Brand Label,Brand Option
Otra...,other
& Other Stories,other-stories
1.STATE,1-state
1/8 Takamura,1-8-takamura
525,525
7 For All Mankind,7-for-all-mankind
A Bathing Ape (BAPE),a-bathing-ape-bape
A. Roege Hove,a-roege-hove
A.L.C.,a-l-c
A.P.C.,a-p-c
Abercrombie & Fitch,abercrombie-fitch
Acacia,acacia
Acne Studios,acne-studios
Adidas,adidas
adidas by Stella McCartney,adidas-by-stella-mccartney
Aeropostale,aeropostale
AG Adriano Goldschmied,ag-adriano-goldschmied
AGOLDE,agolde
Agua Bendita,agua-bendita
Aje,aje
Alaïa,ala-a
Alexander McQueen,alexander-mcqueen
Alexander Wang,alexander-wang
Alexandre Herchcovitch,alexandre-herchcovitch
Alexandre Vauthier,alexandre-vauthier
Alexia Ulibarri,alexia-ulibarri
Alexis,alexis
Alice + Olivia,alice-olivia
All for Ramon,all-for-ramon
AllSaints,allsaints
Alo Yoga,alo-yoga
Amanda Uprichard,amanda-uprichard
Amaro,amaro
AMBUSH,ambush
American Eagle,american-eagle
AMO,amo
Amour Vert,amour-vert
Andrea Landa,andrea-landa
Angel Grave,angel-grave
Angel Sanchez,angel-sanchez
Animale,animale
Animazul,animazul
ANINE BING,anine-bing
Ann Taylor,ann-taylor
Anna October,anna-october
Anntarah,anntarah
Apiece Apart,apiece-apart
AQUA BLU Australia,aqua-blu-australia
AREA,area
Arianne Elmy,arianne-elmy
Aritzia,aritzia
Arroz con leche,arroz-con-leche
AS by DF,as-by-df
ASH,ash
Asics,asics
ASTR the Label,astr-the-label
Atoir,atoir
Autumn Adeigbo,autumn-adeigbo
Ay Not Dead,ay-not-dead
Aya Muse,aya-muse
Ayni,ayni
B-Low the Belt,b-low-the-belt
Balenciaga,balenciaga
Banana Republic,banana-republic
Baobab,baobab
Basicos de México,basicos-de-m-xico
Baum,baum
Beach Bunny,beach-bunny
BEIS,beis
Bella Dahl,bella-dahl
Benedetta Bruzziches,benedetta-bruzziches
Benito Santos,benito-santos
Benjamin Benmoyal,benjamin-benmoyal
Bershka,bershka
Beyond Yoga,beyond-yoga
Bishop + Young,bishop-young
Black by Maria Silver,black-by-maria-silver
BLANKNYC,blanknyc
Blue Man,blue-man
Bolazo,bolazo
Boohoo,boohoo
Borgo De Nor,borgo-de-nor
Bottega Veneta,bottega-veneta
Boys Lie,boys-lie
Brandon Maxwell,brandon-maxwell
Brandy Melville,brandy-melville
Brixton,brixton
Brochu Walker,brochu-walker
Bronx and Banco,bronx-and-banco
Burberry,burberry
By Far,by-far
By Malene Birger,by-malene-birger
C/MEO,c-meo
Cala de la Cruz,cala-de-la-cruz
Callahan,callahan
Calvin Klein,calvin-klein
Camila Coelho,camila-coelho
Camilla,camilla
CAMILLA AND MARC,camilla-and-marc
Cara Cara,cara-cara
Carla Fernández,carla-fern-ndez
Carmen Llaguno,carmen-llaguno
Carolina Herrera,carolina-herrera
Casa Chiqui,casa-chiqui
Cecilie Bahnsen,cecilie-bahnsen
Celine,celine
Champion,champion
Chanel,chanel
Chico's,chico-s
Christy Dawn,christy-dawn
Cider,cider
Cihuah,cihuah
Cinq à Sept,cinq-sept
Citizens of Humanity,citizens-of-humanity
Cleobella,cleobella
Clio Peppiatt,clio-peppiatt
Club L London,club-l-london
Coach,coach
Collectiva Concepción,collectiva-concepci-n
Columbia,columbia
Commando,commando
Comme des Garçons,comme-des-gar-ons
Converse,converse
Cora Groppo,cora-groppo
COS,cos
Costaiia,costaiia
COTTON CITIZEN,cotton-citizen
Cotton On,cotton-on
Cotton Project,cotton-project
Cult Gaia,cult-gaia
Current/Elliott,current-elliott
Cushnie,cushnie
Daisy Street,daisy-street
David Koma,david-koma
DAYDREAMER,daydreamer
De Loreta,de-loreta
Deiji Studios,deiji-studios
DELFI Collective,delfi-collective
Dennis Basso,dennis-basso
Derek Lam 10 Crosby,derek-lam-10-crosby
Diane von Fürstenberg,diane-von-f-rstenberg
Diaz Garza,diaz-garza
Dion Lee,dion-lee
Dior,dior
DKNY,dkny
DL1961,dl1961
Donni,donni
Dr. Barbara Sturm,dr-barbara-sturm
DRA,dra
DROMe,drome
Dsquared2,dsquared2
Dundas,dundas
Dune London,dune-london
DUVETICA,duvetica
Eberjey,eberjey
Effie Kats,effie-kats
EIKO AI,eiko-ai
Eileen Fisher,eileen-fisher
Eleven Six,eleven-six
Elie Saab,elie-saab
ELLIATT,elliatt
Ellie Mae,ellie-mae
ELSE,else
Emilio Pucci,emilio-pucci
Emma Mulholland on Holiday,emma-mulholland-on-holiday
ENZA COSTA,enza-costa
Eres,eres
Erin Snow,erin-snow
ESANT,esant
Escada,escada
Escudo,escudo
ESCVDO,escvdo
Esprit,esprit
Eterne,eterne
ETHNO,ethno
Etro,etro
Eva Franco,eva-franco
Everlane,everlane
Express,express
EXTRA AF,extra-af
F.WORDS,f-words
Faherty,faherty
Faithfull the Brand,faithfull-the-brand
Farai London,farai-london
FARM Rio,farm-rio
Fashion Nova,fashion-nova
FAVORITE DAUGHTER,favorite-daughter
Fe Noel,fe-noel
Fendi,fendi
Feng Chen Wang,feng-chen-wang
FERRAGAMO,ferragamo
Fila,fila
Find Me Now,find-me-now
Forever 21,forever-21
FRAME,frame
Francesca Miranda,francesca-miranda
Frankies Bikinis,frankies-bikinis
Free & Easy,free-easy
Free People,free-people
FREYA,freya
Furla,furla
Gabriela Hearst,gabriela-hearst
Ganni,ganni
Gap,gap
Garage,garage
Gaudy Mercy,gaudy-mercy
GAUGE81,gauge81
Generation Love,generation-love
Gentle Monster,gentle-monster
GIA BORGHINI,gia-borghini
Girlfriend Collective,girlfriend-collective
Givenchy,givenchy
Good American,good-american
Grisino,grisino
GRLFRND,grlfrnd
Gucci,gucci
Guess,guess
Gwyneth Shoes,gwyneth-shoes
GYPZ,gypz
H&M,h-m
Haight,haight
Halston,halston
Hanky Panky,hanky-panky
Hanro,hanro
Hello Molly,hello-molly
Helmut Lang,helmut-lang
Helsa,helsa
Hermès,herm-s
Hernán Herdez,hern-n-herdez
Herve Leger,herve-leger
Hollister,hollister
House of CB,house-of-cb
House of Harlow 1960,house-of-harlow-1960
House of Sunny,house-of-sunny
Hunter,hunter
HUNZA G,hunza-g
I.AM.GIA,i-am-gia
Iceberg,iceberg
Intimately Free People,intimately-free-people
IRO,iro
Isa Boulder,isa-boulder
Isa Tapia,isa-tapia
Isabel Marant,isabel-marant
Issey Miyake,issey-miyake
J.Crew,j-crew
Jacquemus,jacquemus
Jade Swim,jade-swim
JAGGAR,jaggar
James Perse,james-perse
Janessa Leone,janessa-leone
Jazmín Chebar,jazm-n-chebar
Jean Paul Gaultier,jean-paul-gaultier
Jeffrey Campbell,jeffrey-campbell
JILL Jill Stuart,jill-jill-stuart
Joah Brown,joah-brown
Joao Maraschin,joao-maraschin
Johanna Ortiz,johanna-ortiz
Jonathan Simkhai,jonathan-simkhai
Jones New York,jones-new-york
JoosTricot,joostricot
Jordan,jordan
Juicy Couture,juicy-couture
Julia y Renata,julia-y-renata
JULIETTA,julietta
Just Bee Queen,just-bee-queen
JW Anderson,jw-anderson
JW PEI,jw-pei
KAANAS,kaanas
Kappa,kappa
KAREN MILLEN,karen-millen
KARLA + CO,karla-co
KAT THE LABEL,kat-the-label
Kate Spade,kate-spade
Kenzo,kenzo
Kero Design,kero-design
KHAITE,khaite
Killa,killa
Kim Shui,kim-shui
KIMHEKIM,kimhekim
KINDOM,kindom
KIVARI,kivari
KORAL,koral
Kosiuko,kosiuko
Kris Goyri,kris-goyri
L'Academie,l-academie
L*Space,l-space
La Detresse,la-detresse
La Joya Design,la-joya-design
Lack of Color,lack-of-color
LANIUS,lanius
Lapointe,lapointe
LaQuan Smith,laquan-smith
Las Pepas,las-pepas
Laura Lombardi,laura-lombardi
LE SET,le-set
Le Specs,le-specs
Lee,lee
Lee Mathews,lee-mathews
Lenny Niemeyer,lenny-niemeyer
LEVI'S,levi-s
Libertine,libertine
LIKELY,likely
Lina Osorio,lina-osorio
Lisa Marie Fernandez,lisa-marie-fernandez
Liz Claiborne,liz-claiborne
Loewe,loewe
Lollipop,lollipop
Loraine Holmes,loraine-holmes
Louis Vuitton,louis-vuitton
Lovers and Friends,lovers-and-friends
LoveShackFancy,loveshackfancy
LPA,lpa
LSPACE,lspace
Luciana Balderrama,luciana-balderrama
Lululemon,lululemon
Luv AJ,luv-aj
Luz Briceño,luz-brice-o
Maison Irem,maison-irem
Maison Kitsuné,maison-kitsun
Maje,maje
MAJORELLE,majorelle
Makeno,makeno
Malmo,malmo
Malvestida Studio,malvestida-studio
Mancandy,mancandy
Mango,mango
Mara Hoffman,mara-hoffman
Marc Jacobs,marc-jacobs
Marchesa Notte,marchesa-notte
Marcia,marcia
Mariana Dappiano,mariana-dappiano
Marika Vera,marika-vera
Marine Serre,marine-serre
Marni,marni
Marysia,marysia
Massimo Dutti,massimo-dutti
Material Tbilisi,material-tbilisi
MATIN,matin
Mavi,mavi
Maygel Coronel,maygel-coronel
Melissa Odabash,melissa-odabash
Mercedes Salazar,mercedes-salazar
Michael Costello,michael-costello
Michael Kors,michael-kors
Michael Stars,michael-stars
Michelle Mason,michelle-mason
Mikoh,mikoh
Milly,milly
Min Agostini,min-agostini
Minena,minena
MISA Los Angeles,misa-los-angeles
Missguided,missguided
Missoni,missoni
Mitsa,mitsa
Miu Miu,miu-miu
MLM LABEL,mlm-label
Mola Sasa,mola-sasa
Moncler,moncler
Monrow,monrow
Monse,monse
Montce,montce
Montserat Messeguer,montserat-messeguer
Moque,moque
Mutma,mutma
Nabel Martins,nabel-martins
Nadia Dafri,nadia-dafri
Nanushka,nanushka
Nasty Gal,nasty-gal
Naya,naya
NBD,nbd
Needle & Thread,needle-thread
Nefelibata,nefelibata
Neochilango,neochilango
Neuw Denim,neuw-denim
New Balance,new-balance
Nicholas,nicholas
Nido,nido
Nike,nike
NILI LOTAN,nili-lotan
Nina Ricci,nina-ricci
Ninety Percent,ninety-percent
Nookie,nookie
Nora Parada,nora-parada
Norma Kamali,norma-kamali
Nous Etudions,nous-etudions
Oak + Fort,oak-fort
Off-White,off-white
Oh Polly,oh-polly
ON,on
Onia,onia
Onitsuka Tiger,onitsuka-tiger
Opening Ceremony,opening-ceremony
Organic Basics,organic-basics
Orseund Iris,orseund-iris
Oscar de la Renta,oscar-de-la-renta
Oséree,os-ree
Osklen,osklen
Otros,otros
Outerknown,outerknown
Oysho,oysho
P.E Nation,p-e-nation
PacSun,pacsun
Pact,pact
Paige,paige
PAKA,paka
Palm Angels,palm-angels
Palm by Palmacea,palm-by-palmacea
Palmacea,palmacea
Paloma Wool,paloma-wool
Parade,parade
Patagonia,patagonia
PatBO,patbo
Patricio Campillo,patricio-campillo
Patta,patta
Pay's,pay-s
Pendleton,pendleton
Peony,peony
People Tree,people-tree
Peter Do,peter-do
Pfeiffer,pfeiffer
PH5,ph5
Philosophy di Lorenzo Serafini,philosophy-di-lorenzo-serafini
PIA,pia
Piel Canela,piel-canela
Pineda Covalin,pineda-covalin
PINK MAGNOLIA,pink-magnolia
PINKO,pinko
Pistola Denim,pistola-denim
Politécnico,polit-cnico
Polo Ralph Lauren,polo-ralph-lauren
Port de Bras,port-de-bras
Prada,prada
PrettyLittleThing,prettylittlething
Princess Polly,princess-polly
Privacy Please,privacy-please
Proenza Schouler,proenza-schouler
PUCCI,pucci
Pull & Bear,pull-bear
Puma,puma
Puna,puna
Pura,pura
Qaytu,qaytu
Quay,quay
Rachel Comey,rachel-comey
Rag & Bone,rag-bone
Rails,rails
RAISA VANESSA,raisa-vanessa
Ralph Lauren,ralph-lauren
RAMY BROOK,ramy-brook
Rapsodia,rapsodia
Rat & Boa,rat-boa
Re/Done,re-done
Rebecca Minkoff,rebecca-minkoff
Reebok,reebok
Reformation,reformation
REI,rei
Reserva,reserva
Retrofête,retrof-te
Revolve,revolve
Rhea the label,rhea-the-label
RHODE,rhode
RIANNE-NL,rianne-nl
Rick Owens,rick-owens
Rixo,rixo
ROCOCO SAND,rococo-sand
Ropa Doce,ropa-doce
RTA,rta
Rue SOPHIE,rue-sophie
Rue Stiic,rue-stiic
Rumer,rumer
Sabina Musayev,sabina-musayev
Sablyn,sablyn
Sabrina ol,sabrina-ol
SACAI,sacai
Saint Laurent,saint-laurent
Saloni,saloni
Salvatore Ferragamo,salvatore-ferragamo
Sam Edelman,sam-edelman
Samsøe Samsøe,sams-e-sams-e
Sandra Weil,sandra-weil
Sandro,sandro
Santa Brands,santa-brands
Santos,santos
Sau Lee,sau-lee
Sayonara,sayonara
Sea,sea
Seafolly,seafolly
See by Chloé,see-by-chlo
Self-Portrait,self-portrait
SELKIE,selkie
SER.O.YA,ser-o-ya
Sergé,serg
Shona Joy,shona-joy
Show Me Your Mumu,show-me-your-mumu
Siento,siento
Significant Other,significant-other
Silvia Tcherassi,silvia-tcherassi
Simon Miller,simon-miller
Sir,sir
SIR the label,sir-the-label
SISA,sisa
Sisa Slow,sisa-slow
SISAY,sisay
Skims,skims
Solid & Striped,solid-striped
Something Co,something-co
Song of Style,song-of-style
Sonia Rykiel,sonia-rykiel
Spanx,spanx
Spell,spell
Splendid,splendid
Sporty & Rich,sporty-rich
Srita Galindo,srita-galindo
St. Dom,st-dom
Staud,staud
Steel,steel
Stella McCartney,stella-mccartney
Stella Solar,stella-solar
Stone Cold Fox,stone-cold-fox
Stone Island,stone-island
Stradivarius,stradivarius
Stratto,stratto
Stuart Weitzman,stuart-weitzman
Studio Conchita,studio-conchita
Stüssy,st-ssy
STYLEST,stylest
Suboo,suboo
Suki Waterhouse x REVOLVE,suki-waterhouse-x-revolve
Sumy Kujon,sumy-kujon
Sundress,sundress
Sundry,sundry
Superdown,superdown
Superga,superga
Supreme,supreme
Susana Monaco,susana-monaco
Tach Clothing,tach-clothing
Talbots,talbots
Tanya Taylor,tanya-taylor
Tavik,tavik
Tbags Los Angeles,tbags-los-angeles
Temperley London,temperley-london
The Bar,the-bar
The basic line,the-basic-line
The Frankie Shop,the-frankie-shop
The Kooples,the-kooples
The Line by K,the-line-by-k
The North Face,the-north-face
The Range,the-range
The Sei,the-sei
Theory,theory
Thought Clothing,thought-clothing
Three Graces London,three-graces-london
Tiare Hawaii,tiare-hawaii
Tiranesh,tiranesh
TLC Sport,tlc-sport
Toccin,toccin
Toit Volant,toit-volant
Tom Ford,tom-ford
Tommy Hilfiger,tommy-hilfiger
Toms,toms
Topshop,topshop
Toribio,toribio
Tory Burch,tory-burch
TOVE,tove
Trista,trista
Tropicca,tropicca
Tularosa,tularosa
TWENTY Montreal,twenty-montreal
Ulla Johnson,ulla-johnson
Uma,uma
Under Armour,under-armour
Understated Leather,understated-leather
Uniqlo,uniqlo
UNTTLD,unttld
Urban Outfitters,urban-outfitters
URO,uro
UTZON,utzon
Utzon CPH,utzon-cph
Valentino,valentino
Valeria Anastasia,valeria-anastasia
Valeria Larr,valeria-larr
Vanessa Bruno,vanessa-bruno
VANESSA MOONEY,vanessa-mooney
Vans,vans
Varley,varley
Veja,veja
Venus de Tierra,venus-de-tierra
Verdi,verdi
Veronica Beard,veronica-beard
Versace,versace
Victoria Beckham,victoria-beckham
Vince,vince
Vincetta,vincetta
Vintage,vintage
Vita Kin,vita-kin
Vitamina Swim,vitamina-swim
Vivetta,vivetta
Vix Swimwear,vix-swimwear
Volcom,volcom
Von Dutch,von-dutch
VOZ,voz
Waimari,waimari
Wes Gordon,wes-gordon
Westward Leaning,westward-leaning
WeWoreWhat,weworewhat
White Fox Boutique,white-fox-boutique
Whitney Port x Coze,whitney-port-x-coze
Wildheart,wildheart
With Jéan,with-j-an
Wolford,wolford
Won Hundred,won-hundred
WONE,wone
Working Title,working-title
Wrangler,wrangler
Xírena,x-rena
Y-3,y-3
Yakampot,yakampot
Yeezy,yeezy
YFB CLOTHING,yfb-clothing
Yumi Kim,yumi-kim
Zadig & Voltaire,zadig-voltaire
Zara,zara
Zeynep Arcay,zeynep-arcay
Zhivago,zhivago
Zimmermann,zimmermann
